"Formal Req ID","Modul","Role","Formal Business Requirement","Child Stage 0 Requirement IDs","Acceptance Summary","Classification"
"FR-001","AU","Semua pengguna","Sistem menyediakan login multi-role dan logout berbasis session untuk akun aktif.","REQ-AU-001, REQ-AU-002","Kredensial valid membuka dashboard role; invalid ditolak; logout mengakhiri session.","CORE"
"FR-002","AU; USR","Guest; Admin","Sistem menyediakan recovery akun dan kontrol keamanan khusus Admin beserta penanganan tiket.","REQ-AU-003, REQ-AU-004, REQ-USR-007","Request, token, status, dan tindakan Admin tervalidasi serta ter-scope.","SUPPORTING"
"FR-003","AU","Semua login","Pengguna mengelola pengaturan akun, password, profil, dan foto miliknya.","REQ-AU-005, REQ-AU-006","Hanya akun login berubah; password/file tervalidasi.","SUPPORTING"
"FR-004","USR","Admin","Admin mengelola akun tenaga pendidik, siswa, Orang Tua, dan status aktifnya.","REQ-USR-001, REQ-USR-002, REQ-USR-003, REQ-USR-004","CRUD/aktivasi tersedia; relasi, uniqueness, dan guard dipatuhi.","CORE"
"FR-005","USR","Admin","Admin mengimpor pengguna dan menyediakan template spreadsheet.","REQ-USR-005, REQ-USR-006","Template sesuai importer; error dilaporkan.","SUPPORTING"
"FR-006","ORG","Admin; Waka","Pengelola mengelola cabang, tahun ajaran, kelas, anggota, wali kelas, serta daftar/kartu siswa.","REQ-ORG-001, REQ-ORG-002, REQ-ORG-003, REQ-ORG-004, REQ-ORG-005, REQ-ORG-007","Scope cabang/TA/kapasitas diterapkan; hasil dapat dicetak.","CORE"
"FR-007","ORG","Admin; Waka","Pengelola menautkan Orang Tua/Wali dengan Siswa beserta atribut tanggung jawab dan akses.","REQ-ORG-006","Relasi unik, valid, dan berada dalam scope.","NEED CONFIRMATION"
"FR-008","AKD","Admin; Waka; Wali Kelas; Guru; Siswa","Sistem mengelola mapel, jadwal, assignment Guru, istirahat, dan akses jadwal per role.","REQ-AKD-001, REQ-AKD-002, REQ-AKD-003, REQ-AKD-004, REQ-AKD-005, REQ-AKD-006, REQ-AKD-007, REQ-AKD-008, REQ-AKD-009","Konflik/scope diperiksa dan output jadwal konsisten.","CORE"
"FR-009","AKD","Admin","Admin menghasilkan laporan/cetak akademik dari data aktual.","REQ-AKD-010","Filter valid menghasilkan output konsisten.","SUPPORTING"
"FR-010","KON","Admin; Sekretaris; Siswa; Publik","Sistem mengelola dan menyajikan kalender, publikasi, landing page, dan halaman publik.","REQ-KON-001, REQ-KON-002, REQ-KON-003, REQ-KON-004, REQ-KON-005, REQ-KON-006","Status, periode, media, dan visibility dipatuhi.","SUPPORTING"
"FR-011","KEU","Admin; Bendahara","Pengelola membuat tagihan, SPP massal, import/export/cetak, dan carryover tunggakan.","REQ-KEU-001, REQ-KEU-002, REQ-KEU-003, REQ-KEU-004","Nominal/periode valid, duplikasi dicegah, traceability dipertahankan.","CORE"
"FR-012","KEU","Admin; Bendahara; Orang Tua; Siswa","Sistem mendukung pembayaran manual dan akses keuangan Siswa read-only.","REQ-KEU-005, REQ-KEU-006, REQ-KEU-007, REQ-KEU-012","Ownership/status/audit benar; aksi bayar Siswa ditolak.","NEED CONFIRMATION"
"FR-013","KEU","Orang Tua; Sistem; Admin; Bendahara","Sistem mendukung Midtrans dan sinkronisasi status otoritatif beserta konfigurasi kanal.","REQ-KEU-008, REQ-KEU-009, REQ-KEU-010","Snap/webhook/status/secret ditangani aman; activation production diverifikasi terpisah.","NEED CONFIRMATION"
"FR-014","KEU","Admin; Bendahara","Pengelola memfilter, merekap, dan mencetak laporan keuangan.","REQ-KEU-011","Filter dan agregat transaksi disetujui konsisten.","SUPPORTING"
"FR-015","PRS","Wali Kelas; Orang Tua; Siswa","Sistem mengelola presensi, pengajuan izin, validasi, dan riwayat pihak terkait.","REQ-PRS-001, REQ-PRS-002, REQ-PRS-003, REQ-PRS-004, REQ-PRS-005","Assignment/ownership/bukti/status diperiksa.","NEED CONFIRMATION"
"FR-016","NIL","Guru; Wali Kelas; Siswa; Orang Tua; Sistem","Sistem mengelola, menyinkronkan, mengoreksi, mencetak, dan menampilkan nilai sesuai scope.","REQ-NIL-001, REQ-NIL-002, REQ-NIL-003, REQ-NIL-004, REQ-NIL-005","Nilai valid, ter-scope, dan tersinkron.","CORE"
"FR-017","RAP","Wali Kelas","Wali menghasilkan, mengisi, memformat, menerbitkan, dan menarik rapor terstruktur.","REQ-RAP-001, REQ-RAP-002, REQ-RAP-003","Nilai/presensi tertaut dan state transition valid.","NEED CONFIRMATION"
"FR-018","RAP","Wali Kelas; Ketua; Orang Tua","Sistem menjalankan validasi Ketua, request/token unduh, dan arsip historis.","REQ-RAP-004, REQ-RAP-005, REQ-RAP-006, REQ-RAP-007","Status, token, ownership, dan read-only archive dipatuhi.","NEED CONFIRMATION"
"FR-019","LMS","Guru; Siswa","Guru dan Siswa menjalankan siklus ruang kelas, materi, tugas, submission, dan koreksi.","REQ-LMS-001, REQ-LMS-002, REQ-LMS-003, REQ-LMS-004, REQ-LMS-005","Assignment/LMS/tenggat/file diperiksa.","CORE"
"FR-020","LMS","Guru; Siswa; Sistem","Sistem menjalankan ujian/latihan, bank soal/AI, attempt, hasil, retake, dan pengawasan.","REQ-LMS-006, REQ-LMS-007, REQ-LMS-008, REQ-LMS-009, REQ-LMS-010, REQ-LMS-011, REQ-LMS-012","Waktu/attempt/akses valid; hasil tersimpan; output AI direview.","CORE"
"FR-021","LMS","Guru; Siswa","Sistem menyediakan forum diskusi dan kelas virtual per kelas-mapel.","REQ-LMS-013, REQ-LMS-014","Scope, reply, link, dan jadwal valid.","CORE"
"FR-022","LMS","Guru","Guru menyalin konten historis yang pernah diampu ke assignment aktif.","REQ-LMS-015","Sumber/target diotorisasi dan copy konsisten.","ITERATIVE ADDITION"
"FR-023","PRM","Admin; Waka; Wali Kelas; Bendahara; Ketua; Sistem","Sistem menjalankan workflow kenaikan kelas end-to-end.","REQ-PRM-001, REQ-PRM-002, REQ-PRM-003, REQ-PRM-004, REQ-PRM-005, REQ-PRM-006, REQ-PRM-007","Readiness/state/role/history/rollback/scheduler terkontrol.","ITERATIVE ADDITION"
"FR-024","MON","Admin; Ketua; Waka; Guru","Pimpinan memonitor organisasi/LMS dan mengirim catatan; Guru membacanya.","REQ-MON-001, REQ-MON-002, REQ-MON-003, REQ-MON-004","Scope, preview, penerima, dan read state valid.","SUPPORTING"
"FR-025","NOT","Semua login; Sistem","Sistem menyediakan pusat notifikasi, status baca/hapus, dan reminder.","REQ-NOT-001, REQ-NOT-002, REQ-NOT-003","Ownership dan duplicate guard dipatuhi.","SUPPORTING"
"FR-026","SWA","Siswa","Sistem menyediakan portal SIA/LMS dan informasi pribadi sesuai status; alumni read-only.","REQ-SWA-001, REQ-SWA-002, REQ-SWA-003","Profil/status/jenjang menentukan akses dan data hanya milik login.","CORE"
"FR-027","WLS","Orang Tua/Wali Siswa","Sistem menyediakan dashboard anak, keuangan, presensi/izin, rapor, dan request unduh.","REQ-WLS-001, REQ-WLS-002, REQ-WLS-003, REQ-WLS-004","Seluruh object melewati child ownership dan state workflow.","NEED CONFIRMATION"
