Reconciliation ID,DOC-REQ ID,Stage 0 REQ ID,Modul,Role Laporan,Role Implementasi,Requirement Laporan,Requirement As-Built,Status,Penjelasan Perbedaan,Report Evidence,Source Evidence,Recommendation
"REC-001","DOC-REQ-002","REQ-AU-001","Autentikasi & Akun","Admin, Guru, Wali Kelas, Siswa","Guest","Sistem harus menyediakan satu login multi-peran, mengarahkan pengguna ke dashboard perannya, dan memungkinkan logout.","Sistem harus memungkinkan pengguna aktif login dengan username atau email dan password.","MATCH","Substansi requirement laporan/desain dan perilaku final sejalan.","DOC-REQ-002 (hlm. 20; 52; 93)","`LoginRequest.php`; `LoginController.php`","Pertahankan sebagai kandidat baseline final."
"REC-002","DOC-REQ-002","REQ-AU-002","Autentikasi & Akun","Admin, Guru, Wali Kelas, Siswa","Semua login","Sistem harus menyediakan satu login multi-peran, mengarahkan pengguna ke dashboard perannya, dan memungkinkan logout.","Sistem harus memungkinkan pengguna logout dengan membatalkan session.","MATCH","Substansi requirement laporan/desain dan perilaku final sejalan.","DOC-REQ-002 (hlm. 20; 52; 93)","`LoginController@destroy`","Pertahankan sebagai kandidat baseline final."
"REC-003","DOC-REQ-036","REQ-AU-003","Autentikasi & Akun","Guest, Admin","Guest","Sistem harus menyediakan pemulihan akun dan pengelolaan tiket recovery.","Sistem harus menyediakan pemulihan username/password publik melalui data akun dan email pribadi.","MATCH","Substansi requirement laporan/desain dan perilaku final sejalan.","DOC-REQ-036 (hlm. 61; 102; 174)","`UserRecoveryController`; `EmailRecoveryService`","Pertahankan sebagai kandidat baseline final."
"REC-004","—","REQ-AU-004","Autentikasi & Akun","—","ADM","Tidak ditemukan requirement ekuivalen dalam laporan.","Sistem harus mewajibkan dan menyediakan pengaturan keamanan khusus Admin serta recovery berbasis kontrol tersebut.","IMPLEMENTATION_ONLY","Fitur aktif ditemukan pada source final, tetapi requirement bisnis ekuivalen tidak ditemukan dalam laporan.","Tidak ditemukan","Auth recovery controllers; middleware security setup","Konfirmasi apakah fitur diterima sebagai iterative addition dalam scope final."
"REC-005","—","REQ-AU-005","Autentikasi & Akun","—","Semua login","Tidak ditemukan requirement ekuivalen dalam laporan.","Sistem harus memungkinkan pengguna memperbarui pengaturan akun dan password sendiri.","IMPLEMENTATION_ONLY","Fitur aktif ditemukan pada source final, tetapi requirement bisnis ekuivalen tidak ditemukan dalam laporan.","Tidak ditemukan","`AccountController.php`","Konfirmasi apakah fitur diterima sebagai iterative addition dalam scope final."
"REC-006","—","REQ-AU-006","Autentikasi & Akun","—","Semua login","Tidak ditemukan requirement ekuivalen dalam laporan.","Sistem harus memungkinkan pengguna mengelola profil dan foto sendiri.","IMPLEMENTATION_ONLY","Fitur aktif ditemukan pada source final, tetapi requirement bisnis ekuivalen tidak ditemukan dalam laporan.","Tidak ditemukan","`ProfileController.php`","Konfirmasi apakah fitur diterima sebagai iterative addition dalam scope final."
"REC-007","DOC-REQ-003","REQ-USR-001","Manajemen Pengguna","Admin","ADM","Admin harus dapat membuat dan mengelola akun/data Guru Pengajar, Wali Kelas, dan Siswa.","Sistem harus memungkinkan Admin mengelola akun dan profil tenaga pendidik.","EXPANDED","Implementasi final mempertahankan tujuan terdokumentasi dengan cakupan, kontrol, output, atau aktor tambahan.","DOC-REQ-003 (hlm. 11; 14)","`Admin/UserController.php`","Validasi cakupan tambahan dengan stakeholder lalu tetapkan baseline final."
"REC-008","DOC-REQ-003, DOC-REQ-004","REQ-USR-002","Manajemen Pengguna","Admin","ADM","Admin harus dapat membuat dan mengelola akun/data Guru Pengajar, Wali Kelas, dan Siswa. / Admin harus dapat mengelola profil akademik siswa.","Sistem harus memungkinkan Admin mengelola akun dan profil siswa.","MATCH","Substansi requirement laporan/desain dan perilaku final sejalan.","DOC-REQ-003 (hlm. 11; 14); DOC-REQ-004 (hlm. 11; 16)","`UserController.php`; siswa tests","Pertahankan sebagai kandidat baseline final."
"REC-009","DOC-REQ-049","REQ-USR-003","Manajemen Pengguna","Orang Tua/Wali Siswa","ADM","Sistem harus menautkan akun Orang Tua ke satu/lebih Siswa dengan atribut tanggung jawab keuangan dan akses akademik.","Sistem harus memungkinkan Admin mengelola akun Orang Tua/Wali Siswa.","EXPANDED","Implementasi final mempertahankan tujuan terdokumentasi dengan cakupan, kontrol, output, atau aktor tambahan.","DOC-REQ-049 (hlm. 139)","`UserController.php`","Validasi cakupan tambahan dengan stakeholder lalu tetapkan baseline final."
"REC-010","—","REQ-USR-004","Manajemen Pengguna","—","ADM","Tidak ditemukan requirement ekuivalen dalam laporan.","Sistem harus memungkinkan Admin mengaktifkan atau menonaktifkan akun yang diizinkan.","IMPLEMENTATION_ONLY","Fitur aktif ditemukan pada source final, tetapi requirement bisnis ekuivalen tidak ditemukan dalam laporan.","Tidak ditemukan","`UserController.php`; `EnsureUserIsActive.php`","Konfirmasi apakah fitur diterima sebagai iterative addition dalam scope final."
"REC-011","—","REQ-USR-005","Manajemen Pengguna","—","ADM","Tidak ditemukan requirement ekuivalen dalam laporan.","Sistem harus memungkinkan Admin mengimpor pengguna dari spreadsheet sesuai tipe.","IMPLEMENTATION_ONLY","Fitur aktif ditemukan pada source final, tetapi requirement bisnis ekuivalen tidak ditemukan dalam laporan.","Tidak ditemukan","`app/Imports/*Import.php`; routes user import","Konfirmasi apakah fitur diterima sebagai iterative addition dalam scope final."
"REC-012","—","REQ-USR-006","Manajemen Pengguna","—","ADM","Tidak ditemukan requirement ekuivalen dalam laporan.","Sistem harus menyediakan template import pengguna yang sesuai schema import.","IMPLEMENTATION_ONLY","Fitur aktif ditemukan pada source final, tetapi requirement bisnis ekuivalen tidak ditemukan dalam laporan.","Tidak ditemukan","`app/Exports/Templates/`","Konfirmasi apakah fitur diterima sebagai iterative addition dalam scope final."
"REC-013","DOC-REQ-036","REQ-USR-007","Manajemen Pengguna","Guest, Admin","ADM","Sistem harus menyediakan pemulihan akun dan pengelolaan tiket recovery.","Sistem harus memungkinkan Admin memproses dan meninjau tiket recovery.","MATCH","Substansi requirement laporan/desain dan perilaku final sejalan.","DOC-REQ-036 (hlm. 61; 102; 174)","`AdminRecoveryTicketController.php`","Pertahankan sebagai kandidat baseline final."
"REC-014","DOC-REQ-033","REQ-ORG-001","Organisasi & Data Induk","Admin","ADM","Sistem harus menyediakan pengelolaan data cabang.","Sistem harus memungkinkan Admin mengelola cabang.","MATCH","Substansi requirement laporan/desain dan perilaku final sejalan.","DOC-REQ-033 (hlm. 54; 96)","`CabangController.php`","Pertahankan sebagai kandidat baseline final."
"REC-015","DOC-REQ-005","REQ-ORG-002","Organisasi & Data Induk","Admin","ADM, WKA","Admin harus dapat mengelola tahun ajaran, kelas, penempatan siswa, wali kelas, serta penugasan Guru Pengajar per kelas/mapel.","Sistem harus memungkinkan pengelola mengelola dan mengaktifkan tahun ajaran sesuai akses.","EXPANDED","Implementasi final mempertahankan tujuan terdokumentasi dengan cakupan, kontrol, output, atau aktor tambahan.","DOC-REQ-005 (hlm. 11; 14; 20)","TahunAjaran controllers/model","Validasi cakupan tambahan dengan stakeholder lalu tetapkan baseline final."
"REC-016","DOC-REQ-005","REQ-ORG-003","Organisasi & Data Induk","Admin","ADM, WKA","Admin harus dapat mengelola tahun ajaran, kelas, penempatan siswa, wali kelas, serta penugasan Guru Pengajar per kelas/mapel.","Sistem harus memungkinkan pengelola mengelola kelas per cabang dan tahun ajaran.","EXPANDED","Implementasi final mempertahankan tujuan terdokumentasi dengan cakupan, kontrol, output, atau aktor tambahan.","DOC-REQ-005 (hlm. 11; 14; 20)","Kelas controllers/import","Validasi cakupan tambahan dengan stakeholder lalu tetapkan baseline final."
"REC-017","DOC-REQ-005","REQ-ORG-004","Organisasi & Data Induk","Admin","ADM, WKA","Admin harus dapat mengelola tahun ajaran, kelas, penempatan siswa, wali kelas, serta penugasan Guru Pengajar per kelas/mapel.","Sistem harus memungkinkan pengelola menambah atau mengeluarkan siswa dari kelas.","MATCH","Substansi requirement laporan/desain dan perilaku final sejalan.","DOC-REQ-005 (hlm. 11; 14; 20)","Kelas/ManajemenSiswa controllers","Pertahankan sebagai kandidat baseline final."
"REC-018","DOC-REQ-005","REQ-ORG-005","Organisasi & Data Induk","Admin","ADM, WKA","Admin harus dapat mengelola tahun ajaran, kelas, penempatan siswa, wali kelas, serta penugasan Guru Pengajar per kelas/mapel.","Sistem harus memungkinkan pengelola menetapkan wali kelas yang memenuhi scope.","MATCH","Substansi requirement laporan/desain dan perilaku final sejalan.","DOC-REQ-005 (hlm. 11; 14; 20)","WaliKelas controllers; `WaliKelasAssignment`","Pertahankan sebagai kandidat baseline final."
"REC-019","DOC-REQ-049","REQ-ORG-006","Organisasi & Data Induk","Orang Tua/Wali Siswa","ADM, WKA","Sistem harus menautkan akun Orang Tua ke satu/lebih Siswa dengan atribut tanggung jawab keuangan dan akses akademik.","Sistem harus memungkinkan pengelola menautkan dan melepas relasi siswa-orang tua.","EXPANDED","Implementasi final mempertahankan tujuan terdokumentasi dengan cakupan, kontrol, output, atau aktor tambahan.","DOC-REQ-049 (hlm. 139)","ManajemenSiswa controllers; `StudentParent`","Validasi cakupan tambahan dengan stakeholder lalu tetapkan baseline final."
"REC-020","—","REQ-ORG-007","Organisasi & Data Induk","—","ADM, WKA","Tidak ditemukan requirement ekuivalen dalam laporan.","Sistem harus menyediakan pencarian, detail, daftar kelas, kartu dan cetak data siswa.","IMPLEMENTATION_ONLY","Fitur aktif ditemukan pada source final, tetapi requirement bisnis ekuivalen tidak ditemukan dalam laporan.","Tidak ditemukan","ManajemenSiswa controllers/views","Konfirmasi apakah fitur diterima sebagai iterative addition dalam scope final."
"REC-021","DOC-REQ-055","REQ-AKD-001","Perencanaan Akademik","Admin, Waka","ADM, WKA","Sistem harus menyediakan pengelolaan mata pelajaran sebagai dasar jadwal dan ruang pembelajaran.","Sistem harus memungkinkan pengelola mengelola mata pelajaran.","MATCH","Substansi requirement laporan/desain dan perilaku final sejalan.","DOC-REQ-055 (hlm. 57; 99; 140)","MataPelajaran controllers/import","Pertahankan sebagai kandidat baseline final."
"REC-022","DOC-REQ-006","REQ-AKD-002","Perencanaan Akademik","Admin, Wali Kelas, Guru, Siswa","ADM, WKA","Admin mengatur jadwal; Wali/Siswa melihat jadwal kelas; Guru melihat jadwal dan kelas/mapel yang diampu.","Sistem harus memungkinkan pengelola membuat dan mengubah jadwal multi-kelas.","EXPANDED","Implementasi final mempertahankan tujuan terdokumentasi dengan cakupan, kontrol, output, atau aktor tambahan.","DOC-REQ-006 (hlm. 14; 17–20)","JadwalPelajaran controllers/model","Validasi cakupan tambahan dengan stakeholder lalu tetapkan baseline final."
"REC-023","—","REQ-AKD-003","Perencanaan Akademik","—","ADM, WKA","Tidak ditemukan requirement ekuivalen dalam laporan.","Sistem harus memungkinkan pengelola mengimpor atau menduplikasi jadwal.","IMPLEMENTATION_ONLY","Fitur aktif ditemukan pada source final, tetapi requirement bisnis ekuivalen tidak ditemukan dalam laporan.","Tidak ditemukan","Jadwal controllers; `JadwalPelajaranImport`","Konfirmasi apakah fitur diterima sebagai iterative addition dalam scope final."
"REC-024","—","REQ-AKD-004","Perencanaan Akademik","—","ADM, WKA","Tidak ditemukan requirement ekuivalen dalam laporan.","Sistem harus memungkinkan pengelola mengganti guru jadwal satuan atau massal dengan jejak perubahan.","IMPLEMENTATION_ONLY","Fitur aktif ditemukan pada source final, tetapi requirement bisnis ekuivalen tidak ditemukan dalam laporan.","Tidak ditemukan","Jadwal controllers; History model","Konfirmasi apakah fitur diterima sebagai iterative addition dalam scope final."
"REC-025","DOC-REQ-006","REQ-AKD-005","Perencanaan Akademik","Admin, Wali Kelas, Guru, Siswa","ADM, WKA, WKL, GRU, SIS","Admin mengatur jadwal; Wali/Siswa melihat jadwal kelas; Guru melihat jadwal dan kelas/mapel yang diampu.","Sistem harus menyediakan cetak/export jadwal sesuai data yang boleh dilihat pengguna.","EXPANDED","Implementasi final mempertahankan tujuan terdokumentasi dengan cakupan, kontrol, output, atau aktor tambahan.","DOC-REQ-006 (hlm. 14; 17–20)","routes/controllers/views jadwal","Validasi cakupan tambahan dengan stakeholder lalu tetapkan baseline final."
"REC-026","DOC-REQ-005","REQ-AKD-006","Perencanaan Akademik","Admin","ADM, WKA","Admin harus dapat mengelola tahun ajaran, kelas, penempatan siswa, wali kelas, serta penugasan Guru Pengajar per kelas/mapel.","Sistem harus menurunkan assignment guru-kelas-mapel dari jadwal.","EXPANDED","Implementasi final mempertahankan tujuan terdokumentasi dengan cakupan, kontrol, output, atau aktor tambahan.","DOC-REQ-005 (hlm. 11; 14; 20)","GuruPengajar controllers","Validasi cakupan tambahan dengan stakeholder lalu tetapkan baseline final."
"REC-027","—","REQ-AKD-007","Perencanaan Akademik","—","ADM, WKA","Tidak ditemukan requirement ekuivalen dalam laporan.","Sistem harus memungkinkan pengelola mengatur interval istirahat.","IMPLEMENTATION_ONLY","Fitur aktif ditemukan pada source final, tetapi requirement bisnis ekuivalen tidak ditemukan dalam laporan.","Tidak ditemukan","PengaturanIstirahat controllers","Konfirmasi apakah fitur diterima sebagai iterative addition dalam scope final."
"REC-028","DOC-REQ-006","REQ-AKD-008","Perencanaan Akademik","Admin, Wali Kelas, Guru, Siswa","WKL","Admin mengatur jadwal; Wali/Siswa melihat jadwal kelas; Guru melihat jadwal dan kelas/mapel yang diampu.","Sistem harus memungkinkan Wali Kelas melihat dan mencetak jadwal kelas yang diwalikan.","MATCH","Substansi requirement laporan/desain dan perilaku final sejalan.","DOC-REQ-006 (hlm. 14; 17–20)","WaliKelas/JadwalPelajaranController","Pertahankan sebagai kandidat baseline final."
"REC-029","DOC-REQ-006","REQ-AKD-009","Perencanaan Akademik","Admin, Wali Kelas, Guru, Siswa","GRU","Admin mengatur jadwal; Wali/Siswa melihat jadwal kelas; Guru melihat jadwal dan kelas/mapel yang diampu.","Sistem harus memungkinkan Guru melihat kelas, mapel, dan jadwal aktif yang diampu.","MATCH","Substansi requirement laporan/desain dan perilaku final sejalan.","DOC-REQ-006 (hlm. 14; 17–20)","GuruKelas/GuruJadwal controllers","Pertahankan sebagai kandidat baseline final."
"REC-030","—","REQ-AKD-010","Perencanaan Akademik","—","ADM","Tidak ditemukan requirement ekuivalen dalam laporan.","Sistem harus menyediakan laporan/cetak akademik dari data aktual.","IMPLEMENTATION_ONLY","Fitur aktif ditemukan pada source final, tetapi requirement bisnis ekuivalen tidak ditemukan dalam laporan.","Tidak ditemukan","`CetakLaporanController.php`","Konfirmasi apakah fitur diterima sebagai iterative addition dalam scope final."
"REC-031","DOC-REQ-039, DOC-REQ-054","REQ-KON-001","Konten & Informasi","Admin, Sekretaris; Publik, Admin, Sekretaris, Siswa","ADM, SEK, SIS","Sistem harus menyajikan konten publik/internal dengan status, periode, audience, dan visibilitas yang sesuai. / Sistem harus menyediakan pengelolaan kalender, pengumuman, berita, dan flyer.","Sistem harus memungkinkan pengelola mengelola kalender dan siswa melihat agenda yang dipublikasikan.","EXPANDED","Implementasi final mempertahankan tujuan terdokumentasi dengan cakupan, kontrol, output, atau aktor tambahan.","DOC-REQ-039 (hlm. 65; 106; 168–170); DOC-REQ-054 (hlm. 168–171)","Akademik/Sekretaris/Siswa controllers","Validasi cakupan tambahan dengan stakeholder lalu tetapkan baseline final."
"REC-032","DOC-REQ-039, DOC-REQ-054","REQ-KON-002","Konten & Informasi","Admin, Sekretaris; Publik, Admin, Sekretaris, Siswa","ADM, SEK, SIS","Sistem harus menyajikan konten publik/internal dengan status, periode, audience, dan visibilitas yang sesuai. / Sistem harus menyediakan pengelolaan kalender, pengumuman, berita, dan flyer.","Sistem harus memungkinkan pengelola mengelola pengumuman dan siswa membacanya.","EXPANDED","Implementasi final mempertahankan tujuan terdokumentasi dengan cakupan, kontrol, output, atau aktor tambahan.","DOC-REQ-039 (hlm. 65; 106; 168–170); DOC-REQ-054 (hlm. 168–171)","controllers; `NotificationService`","Validasi cakupan tambahan dengan stakeholder lalu tetapkan baseline final."
"REC-033","DOC-REQ-039, DOC-REQ-054","REQ-KON-003","Konten & Informasi","Admin, Sekretaris; Publik, Admin, Sekretaris, Siswa","ADM, SEK, Publik","Sistem harus menyajikan konten publik/internal dengan status, periode, audience, dan visibilitas yang sesuai. / Sistem harus menyediakan pengelolaan kalender, pengumuman, berita, dan flyer.","Sistem harus memungkinkan pengelola menerbitkan berita untuk dibaca publik.","MATCH","Substansi requirement laporan/desain dan perilaku final sejalan.","DOC-REQ-039 (hlm. 65; 106; 168–170); DOC-REQ-054 (hlm. 168–171)","controllers berita/model","Pertahankan sebagai kandidat baseline final."
"REC-034","DOC-REQ-039, DOC-REQ-054","REQ-KON-004","Konten & Informasi","Admin, Sekretaris; Publik, Admin, Sekretaris, Siswa","ADM, SEK, Publik","Sistem harus menyajikan konten publik/internal dengan status, periode, audience, dan visibilitas yang sesuai. / Sistem harus menyediakan pengelolaan kalender, pengumuman, berita, dan flyer.","Sistem harus memungkinkan pengelola mengelola flyer publik.","MATCH","Substansi requirement laporan/desain dan perilaku final sejalan.","DOC-REQ-039 (hlm. 65; 106; 168–170); DOC-REQ-054 (hlm. 168–171)","controllers flyer","Pertahankan sebagai kandidat baseline final."
"REC-035","DOC-REQ-035","REQ-KON-005","Konten & Informasi","Admin","ADM","Sistem harus menyediakan CMS landing page beserta section dan visibilitasnya.","Sistem harus memungkinkan Admin mengubah section dan media landing page.","MATCH","Substansi requirement laporan/desain dan perilaku final sejalan.","DOC-REQ-035 (hlm. 60; 102; 170–171)","LandingPage controller/models","Pertahankan sebagai kandidat baseline final."
"REC-036","DOC-REQ-054","REQ-KON-006","Konten & Informasi","Publik, Admin, Sekretaris, Siswa","Publik","Sistem harus menyajikan konten publik/internal dengan status, periode, audience, dan visibilitas yang sesuai.","Sistem harus menyajikan halaman profil/program/informasi, berita dan sitemap tanpa login.","EXPANDED","Implementasi final mempertahankan tujuan terdokumentasi dengan cakupan, kontrol, output, atau aktor tambahan.","DOC-REQ-054 (hlm. 168–171)","public routes/controllers","Validasi cakupan tambahan dengan stakeholder lalu tetapkan baseline final."
"REC-037","DOC-REQ-007","REQ-KEU-001","Keuangan","Admin","ADM, BEN","Admin harus dapat membuat dan mengelola tagihan siswa untuk SPP, ujian, dan kegiatan.","Sistem harus memungkinkan pengelola membuat dan mengelola tagihan siswa.","MATCH","Substansi requirement laporan/desain dan perilaku final sejalan.","DOC-REQ-007 (hlm. 11; 15–16)","Tagihan controllers/model","Pertahankan sebagai kandidat baseline final."
"REC-038","DOC-REQ-007","REQ-KEU-002","Keuangan","Admin","ADM, BEN","Admin harus dapat membuat dan mengelola tagihan siswa untuk SPP, ujian, dan kegiatan.","Sistem harus memungkinkan pengelola menghasilkan SPP massal tanpa duplikasi yang dilarang.","EXPANDED","Implementasi final mempertahankan tujuan terdokumentasi dengan cakupan, kontrol, output, atau aktor tambahan.","DOC-REQ-007 (hlm. 11; 15–16)","Tagihan controllers; NotificationService","Validasi cakupan tambahan dengan stakeholder lalu tetapkan baseline final."
"REC-039","—","REQ-KEU-003","Keuangan","—","ADM, BEN","Tidak ditemukan requirement ekuivalen dalam laporan.","Sistem harus memungkinkan import, export dan cetak tagihan.","IMPLEMENTATION_ONLY","Fitur aktif ditemukan pada source final, tetapi requirement bisnis ekuivalen tidak ditemukan dalam laporan.","Tidak ditemukan","`TagihanImport`; Tagihan controllers","Konfirmasi apakah fitur diterima sebagai iterative addition dalam scope final."
"REC-040","DOC-REQ-056","REQ-KEU-004","Keuangan","Admin, Bendahara","ADM, BEN","Sistem harus mempertahankan jejak pengalihan tunggakan antartahun ajaran.","Sistem harus memungkinkan tunggakan lama dialihkan ke tahun aktif dengan traceability.","MATCH","Substansi requirement laporan/desain dan perilaku final sejalan.","DOC-REQ-056 (hlm. 165)","`TunggakanCarryoverService`","Pertahankan sebagai kandidat baseline final."
"REC-041","DOC-REQ-008","REQ-KEU-005","Keuangan","Admin, Siswa","ADM, BEN","Siswa mengunggah bukti pembayaran manual dan Admin mengonfirmasi atau menolaknya.","Sistem harus memungkinkan pengelola mencatat pembayaran manual.","EXPANDED","Implementasi final mempertahankan tujuan terdokumentasi dengan cakupan, kontrol, output, atau aktor tambahan.","DOC-REQ-008 (hlm. 11; 16; 18–20)","Pembayaran controllers","Validasi cakupan tambahan dengan stakeholder lalu tetapkan baseline final."
"REC-042","DOC-REQ-008","REQ-KEU-006","Keuangan","Admin, Siswa","ADM, BEN","Siswa mengunggah bukti pembayaran manual dan Admin mengonfirmasi atau menolaknya.","Sistem harus memungkinkan pengelola menyetujui atau menolak pembayaran pending.","EXPANDED","Implementasi final mempertahankan tujuan terdokumentasi dengan cakupan, kontrol, output, atau aktor tambahan.","DOC-REQ-008 (hlm. 11; 16; 18–20)","Pembayaran controllers; AuditLog","Validasi cakupan tambahan dengan stakeholder lalu tetapkan baseline final."
"REC-043","DOC-REQ-030, DOC-REQ-050","REQ-KEU-007","Keuangan","Orang Tua/Wali Siswa; Siswa","ORT","Orang Tua/Wali Siswa dapat melakukan pembayaran anak melalui manual/Midtrans dan tercatat sebagai pembayar. / Siswa harus dapat melihat tagihan, mengunggah bukti, dan melihat status/riwayat pembayaran.","Sistem harus memungkinkan orang tua mengajukan transfer untuk tagihan anak tertaut.","CHANGED","Aktor, workflow, atau output final berbeda material dari requirement pada laporan utama.","DOC-REQ-030 (hlm. 13; 16; 19–20); DOC-REQ-050 (hlm. 86; 126; 165–166)","`OrangTuaController@prosesBayar/processBulkPay`","Minta keputusan manusia atas actor/workflow final sebelum persetujuan formal."
"REC-044","DOC-REQ-031, DOC-REQ-050","REQ-KEU-008","Keuangan","Orang Tua/Wali Siswa; Siswa, Sistem","ORT","Orang Tua/Wali Siswa dapat melakukan pembayaran anak melalui manual/Midtrans dan tercatat sebagai pembayar. / Sistem harus mendukung Midtrans dan memperbarui status otomatis ketika transaksi berhasil.","Sistem harus memungkinkan orang tua membayar satu/lebih tagihan anak dengan Midtrans ketika aktif.","CHANGED","Aktor, workflow, atau output final berbeda material dari requirement pada laporan utama.","DOC-REQ-031 (hlm. 11; 16; 22); DOC-REQ-050 (hlm. 86; 126; 165–166)","`MidtransService`; parent controller","Minta keputusan manusia atas actor/workflow final sebelum persetujuan formal."
"REC-045","DOC-REQ-031","REQ-KEU-009","Keuangan","Siswa, Sistem","Sistem","Sistem harus mendukung Midtrans dan memperbarui status otomatis ketika transaksi berhasil.","Sistem harus menyinkronkan status Midtrans dari webhook/API otoritatif.","EXPANDED","Implementasi final mempertahankan tujuan terdokumentasi dengan cakupan, kontrol, output, atau aktor tambahan.","DOC-REQ-031 (hlm. 11; 16; 22)","`MidtransWebhookController`; payment tests","Validasi cakupan tambahan dengan stakeholder lalu tetapkan baseline final."
"REC-046","DOC-REQ-050","REQ-KEU-010","Keuangan","Orang Tua/Wali Siswa","ADM, BEN","Orang Tua/Wali Siswa dapat melakukan pembayaran anak melalui manual/Midtrans dan tercatat sebagai pembayar.","Sistem harus memungkinkan pengelola mengatur kanal rekening, tunai dan Midtrans.","EXPANDED","Implementasi final mempertahankan tujuan terdokumentasi dengan cakupan, kontrol, output, atau aktor tambahan.","DOC-REQ-050 (hlm. 86; 126; 165–166)","InfoPembayaran controller/model/view","Validasi cakupan tambahan dengan stakeholder lalu tetapkan baseline final."
"REC-047","DOC-REQ-040","REQ-KEU-011","Keuangan","Admin, Bendahara","ADM, BEN","Sistem harus menyediakan laporan keuangan dan audit perubahan transaksi.","Sistem harus menyediakan laporan keuangan yang dapat difilter dan dicetak.","MATCH","Substansi requirement laporan/desain dan perilaku final sejalan.","DOC-REQ-040 (hlm. 67; 108; 167)","Laporan controllers; filter tests","Pertahankan sebagai kandidat baseline final."
"REC-048","DOC-REQ-030","REQ-KEU-012","Keuangan","Siswa","SIS","Siswa harus dapat melihat tagihan, mengunggah bukti, dan melihat status/riwayat pembayaran.","Sistem harus memungkinkan Siswa melihat tagihan dan riwayat pembayaran miliknya secara read-only.","CHANGED","Aktor, workflow, atau output final berbeda material dari requirement pada laporan utama.","DOC-REQ-030 (hlm. 13; 16; 19–20)","`SiaPembayaranController.php`; `routes/web.php:1440-1449`","Minta keputusan manusia atas actor/workflow final sebelum persetujuan formal."
"REC-049","DOC-REQ-021","REQ-PRS-001","Presensi & Izin","Wali Kelas","WKL","Wali Kelas harus dapat menginput atau memperbarui presensi manual siswa.","Sistem harus memungkinkan Wali Kelas mencatat dan memperbarui presensi siswa kelasnya.","MATCH","Substansi requirement laporan/desain dan perilaku final sejalan.","DOC-REQ-021 (hlm. 11; 15; 18; 21)","`WaliKelas/PresensiController.php`","Pertahankan sebagai kandidat baseline final."
"REC-050","DOC-REQ-022","REQ-PRS-002","Presensi & Izin","Wali Kelas, Siswa","WKL","Sistem harus menyediakan rekap/riwayat presensi untuk Wali Kelas dan Siswa terkait.","Sistem harus menyediakan riwayat, rekap, cetak dan import presensi kelas.","EXPANDED","Implementasi final mempertahankan tujuan terdokumentasi dengan cakupan, kontrol, output, atau aktor tambahan.","DOC-REQ-022 (hlm. 10–11; 13; 15)","PresensiController/views","Validasi cakupan tambahan dengan stakeholder lalu tetapkan baseline final."
"REC-051","DOC-REQ-020, DOC-REQ-051","REQ-PRS-003","Presensi & Izin","Orang Tua/Wali Siswa; Siswa, Wali Kelas","ORT","Orang Tua/Wali Siswa dapat mengajukan izin/dispensasi untuk anak. / Siswa mengunggah bukti izin/sakit dan Wali Kelas memvalidasinya secara online.","Sistem harus memungkinkan orang tua mengajukan/mengubah izin anak tertaut.","CHANGED","Aktor, workflow, atau output final berbeda material dari requirement pada laporan utama.","DOC-REQ-020 (hlm. 10–11; 13; 15; 19; 21); DOC-REQ-051 (hlm. 87; 127)","parent presensi methods","Minta keputusan manusia atas actor/workflow final sebelum persetujuan formal."
"REC-052","DOC-REQ-020","REQ-PRS-004","Presensi & Izin","Siswa, Wali Kelas","WKL","Siswa mengunggah bukti izin/sakit dan Wali Kelas memvalidasinya secara online.","Sistem harus memungkinkan Wali Kelas memvalidasi izin siswa kelasnya.","MATCH","Substansi requirement laporan/desain dan perilaku final sejalan.","DOC-REQ-020 (hlm. 10–11; 13; 15; 19; 21)","PresensiController; IDOR test","Pertahankan sebagai kandidat baseline final."
"REC-053","DOC-REQ-022, DOC-REQ-049","REQ-PRS-005","Presensi & Izin","Orang Tua/Wali Siswa; Wali Kelas, Siswa","SIS, ORT","Sistem harus menautkan akun Orang Tua ke satu/lebih Siswa dengan atribut tanggung jawab keuangan dan akses akademik. / Sistem harus menyediakan rekap/riwayat presensi untuk Wali Kelas dan Siswa terkait.","Sistem harus menampilkan riwayat presensi hanya kepada siswa terkait dan orang tua tertaut.","EXPANDED","Implementasi final mempertahankan tujuan terdokumentasi dengan cakupan, kontrol, output, atau aktor tambahan.","DOC-REQ-022 (hlm. 10–11; 13; 15); DOC-REQ-049 (hlm. 139)","SiaPresensi/OrangTua controllers","Validasi cakupan tambahan dengan stakeholder lalu tetapkan baseline final."
"REC-054","DOC-REQ-017","REQ-NIL-001","Penilaian","Guru","GRU","Guru harus dapat menilai penugasan dan ujian serta memberi umpan balik; ujian semester memiliki komponen tertulis dan proyek.","Sistem harus memungkinkan Guru mengelola nilai pada kelas/mapel yang diampu.","MATCH","Substansi requirement laporan/desain dan perilaku final sejalan.","DOC-REQ-017 (hlm. 12; 15; 21)","GuruNilaiController; decimal/IDOR tests","Pertahankan sebagai kandidat baseline final."
"REC-055","DOC-REQ-023","REQ-NIL-002","Penilaian","Wali Kelas","WKL","Wali Kelas harus dapat menarik rekap nilai semua Guru, menyesuaikan, dan memfinalisasi nilai akhir.","Sistem harus memungkinkan Wali Kelas mengelola dan mencetak nilai kelasnya.","MATCH","Substansi requirement laporan/desain dan perilaku final sejalan.","DOC-REQ-023 (hlm. 10–12; 15; 18; 21)","WaliKelas/NilaiController","Pertahankan sebagai kandidat baseline final."
"REC-056","DOC-REQ-023","REQ-NIL-003","Penilaian","Wali Kelas","Sistem, GRU, WKL","Wali Kelas harus dapat menarik rekap nilai semua Guru, menyesuaikan, dan memfinalisasi nilai akhir.","Sistem harus menyinkronkan nilai submission LMS ke rekap nilai yang tepat.","EXPANDED","Implementasi final mempertahankan tujuan terdokumentasi dengan cakupan, kontrol, output, atau aktor tambahan.","DOC-REQ-023 (hlm. 10–12; 15; 18; 21)","Observers; `NilaiSyncService`","Validasi cakupan tambahan dengan stakeholder lalu tetapkan baseline final."
"REC-057","DOC-REQ-017","REQ-NIL-004","Penilaian","Guru","GRU","Guru harus dapat menilai penugasan dan ujian serta memberi umpan balik; ujian semester memiliki komponen tertulis dan proyek.","Sistem harus memungkinkan Guru mengoreksi submission tugas dalam assignment-nya.","EXPANDED","Implementasi final mempertahankan tujuan terdokumentasi dengan cakupan, kontrol, output, atau aktor tambahan.","DOC-REQ-017 (hlm. 12; 15; 21)","GuruKoreksiController; AiGradingService","Validasi cakupan tambahan dengan stakeholder lalu tetapkan baseline final."
"REC-058","DOC-REQ-027, DOC-REQ-049","REQ-NIL-005","Penilaian","Orang Tua/Wali Siswa; Siswa","SIS, ORT","Sistem harus menautkan akun Orang Tua ke satu/lebih Siswa dengan atribut tanggung jawab keuangan dan akses akademik. / Siswa harus dapat melihat progres belajar, rekap absensi, dan nilai harian miliknya.","Sistem harus menampilkan nilai hanya untuk siswa terkait/anak tertaut.","EXPANDED","Implementasi final mempertahankan tujuan terdokumentasi dengan cakupan, kontrol, output, atau aktor tambahan.","DOC-REQ-027 (hlm. 10; 13; 19; 21); DOC-REQ-049 (hlm. 139)","SiaDashboard/parent controllers/views","Validasi cakupan tambahan dengan stakeholder lalu tetapkan baseline final."
"REC-059","DOC-REQ-026","REQ-RAP-001","Rapor","Wali Kelas","WKL","Wali Kelas harus dapat mengunggah rapor final berbentuk PDF setelah PTS/PAS.","Sistem harus memungkinkan Wali Kelas menghasilkan rapor dari data kelasnya.","CHANGED","Aktor, workflow, atau output final berbeda material dari requirement pada laporan utama.","DOC-REQ-026 (hlm. 11; 18; 21)","RaporController generate methods","Minta keputusan manusia atas actor/workflow final sebelum persetujuan formal."
"REC-060","DOC-REQ-023, DOC-REQ-024","REQ-RAP-002","Rapor","Sistem, Guru, Wali Kelas; Wali Kelas","WKL","Sistem harus menghitung nilai akhir dengan bobot Tugas 1, Latihan 1, Ulangan 2, PTS/UTS 3, dan PAS/UAS 3, dibagi 10. / Wali Kelas harus dapat menarik rekap nilai semua Guru, menyesuaikan, dan memfinalisasi nilai akhir.","Sistem harus memungkinkan Wali Kelas mengisi dan memformat rapor.","EXPANDED","Implementasi final mempertahankan tujuan terdokumentasi dengan cakupan, kontrol, output, atau aktor tambahan.","DOC-REQ-023 (hlm. 10–12; 15; 18; 21); DOC-REQ-024 (hlm. 12; 18)","RaporController; Template controller/tests","Validasi cakupan tambahan dengan stakeholder lalu tetapkan baseline final."
"REC-061","DOC-REQ-028","REQ-RAP-003","Rapor","Siswa","WKL","Siswa harus dapat melihat rapor final hanya pada jadwal pengambilan rapor yang ditentukan.","Sistem harus memungkinkan perubahan state publikasi rapor sesuai aturan.","EXPANDED","Implementasi final mempertahankan tujuan terdokumentasi dengan cakupan, kontrol, output, atau aktor tambahan.","DOC-REQ-028 (hlm. 13; 15; 19)","RaporController","Validasi cakupan tambahan dengan stakeholder lalu tetapkan baseline final."
"REC-062","DOC-REQ-047","REQ-RAP-004","Rapor","Ketua PKBM","WKL","Ketua harus dapat memvalidasi rapor tingkat akhir.","Sistem harus memungkinkan Wali mengirim atau membatalkan pengiriman rapor untuk validasi Ketua.","EXPANDED","Implementasi final mempertahankan tujuan terdokumentasi dengan cakupan, kontrol, output, atau aktor tambahan.","DOC-REQ-047 (hlm. 84; 124)","RaporController validation methods","Validasi cakupan tambahan dengan stakeholder lalu tetapkan baseline final."
"REC-063","DOC-REQ-047","REQ-RAP-005","Rapor","Ketua PKBM","KET","Ketua harus dapat memvalidasi rapor tingkat akhir.","Sistem harus memungkinkan Ketua memvalidasi, membatalkan atau meminta revisi rapor.","MATCH","Substansi requirement laporan/desain dan perilaku final sejalan.","DOC-REQ-047 (hlm. 84; 124)","Ketua/ValidasiRaporController","Pertahankan sebagai kandidat baseline final."
"REC-064","DOC-REQ-028, DOC-REQ-046","REQ-RAP-006","Rapor","Orang Tua, Wali Kelas; Siswa","ORT, WKL","Orang Tua meminta unduh rapor dan Wali Kelas memutuskan permintaan tersebut. / Siswa harus dapat melihat rapor final hanya pada jadwal pengambilan rapor yang ditentukan.","Sistem harus menerapkan workflow persetujuan sebelum Orang Tua mengunduh rapor.","CHANGED","Aktor, workflow, atau output final berbeda material dari requirement pada laporan utama.","DOC-REQ-028 (hlm. 13; 15; 19); DOC-REQ-046 (hlm. 82; 88; 123; 128)","RequestDownload model/controllers","Minta keputusan manusia atas actor/workflow final sebelum persetujuan formal."
"REC-065","—","REQ-RAP-007","Rapor","—","WKL","Tidak ditemukan requirement ekuivalen dalam laporan.","Sistem harus menyediakan arsip read-only bagi kelas yang pernah diwalikan.","IMPLEMENTATION_ONLY","Fitur aktif ditemukan pada source final, tetapi requirement bisnis ekuivalen tidak ditemukan dalam laporan.","Tidak ditemukan","WaliKelasArsipController","Konfirmasi apakah fitur diterima sebagai iterative addition dalam scope final."
"REC-066","DOC-REQ-006, DOC-REQ-010","REQ-LMS-001","Pembelajaran Daring","Admin, Wali Kelas, Guru, Siswa; Guru","GRU","Admin mengatur jadwal; Wali/Siswa melihat jadwal kelas; Guru melihat jadwal dan kelas/mapel yang diampu. / Guru harus dapat membuat, mengubah, menghapus, dan mengunggah materi pada kelas yang diampu.","Sistem harus menyediakan dashboard LMS hanya untuk assignment kelas-mapel Guru.","EXPANDED","Implementasi final mempertahankan tujuan terdokumentasi dengan cakupan, kontrol, output, atau aktor tambahan.","DOC-REQ-006 (hlm. 14; 17–20); DOC-REQ-010 (hlm. 10; 12; 14)","GuruLmsController","Validasi cakupan tambahan dengan stakeholder lalu tetapkan baseline final."
"REC-067","DOC-REQ-010, DOC-REQ-011","REQ-LMS-002","Pembelajaran Daring","Guru","GRU","Guru harus dapat membuat, mengubah, menghapus, dan mengunggah materi pada kelas yang diampu. / Materi/catatan tambahan dapat memakai foto, PDF, Word, Excel, PPT, atau URL video.","Sistem harus memungkinkan Guru mengelola materi kelas-mapel yang diampu.","MATCH","Substansi requirement laporan/desain dan perilaku final sejalan.","DOC-REQ-010 (hlm. 10; 12; 14); DOC-REQ-011 (hlm. 12; 19)","GuruMateriController; upload test","Pertahankan sebagai kandidat baseline final."
"REC-068","DOC-REQ-027","REQ-LMS-003","Pembelajaran Daring","Siswa","SIS","Siswa harus dapat melihat progres belajar, rekap absensi, dan nilai harian miliknya.","Sistem harus memungkinkan Siswa membaca materi mapel kelasnya.","MATCH","Substansi requirement laporan/desain dan perilaku final sejalan.","DOC-REQ-027 (hlm. 10; 13; 19; 21)","LmsMateriController; LMS middleware","Pertahankan sebagai kandidat baseline final."
"REC-069","DOC-REQ-013","REQ-LMS-004","Pembelajaran Daring","Guru","GRU","Guru harus dapat mengelola latihan, tugas, dan ulangan beserta soal/file dan tenggat.","Sistem harus memungkinkan Guru mengelola tugas pada assignment-nya.","MATCH","Substansi requirement laporan/desain dan perilaku final sejalan.","DOC-REQ-013 (hlm. 12; 14; 20)","GuruTugasController","Pertahankan sebagai kandidat baseline final."
"REC-070","DOC-REQ-016","REQ-LMS-005","Pembelajaran Daring","Siswa","SIS","Siswa harus dapat mengunggah jawaban tugas/ujian dalam format yang didukung sebelum tenggat.","Sistem harus memungkinkan Siswa mengirim jawaban tugas yang dapat dikerjakan.","MATCH","Substansi requirement laporan/desain dan perilaku final sejalan.","DOC-REQ-016 (hlm. 13; 15; 19; 21)","LmsTugasController","Pertahankan sebagai kandidat baseline final."
"REC-071","DOC-REQ-015","REQ-LMS-006","Pembelajaran Daring","Guru, Siswa","GRU","Guru mengelola ujian PTS/PAS berakses terbatas dan Siswa yang berhak mengerjakannya.","Sistem harus memungkinkan Guru mengelola konfigurasi dan hasil ujian pada assignment-nya.","EXPANDED","Implementasi final mempertahankan tujuan terdokumentasi dengan cakupan, kontrol, output, atau aktor tambahan.","DOC-REQ-015 (hlm. 12; 15; 19)","GuruUjianController","Validasi cakupan tambahan dengan stakeholder lalu tetapkan baseline final."
"REC-072","DOC-REQ-014, DOC-REQ-015","REQ-LMS-007","Pembelajaran Daring","Guru, Siswa","GRU","Guru mengelola ujian PTS/PAS berakses terbatas dan Siswa yang berhak mengerjakannya. / Latihan harus mendukung pilihan ganda kompleks dan benar/salah dengan koreksi otomatis.","Sistem harus memungkinkan Guru mengelola dan import/export bank soal.","EXPANDED","Implementasi final mempertahankan tujuan terdokumentasi dengan cakupan, kontrol, output, atau aktor tambahan.","DOC-REQ-014 (hlm. 12; 19); DOC-REQ-015 (hlm. 12; 15; 19)","GuruUjianController; Soal import/model/tests","Validasi cakupan tambahan dengan stakeholder lalu tetapkan baseline final."
"REC-073","—","REQ-LMS-008","Pembelajaran Daring","—","GRU","Tidak ditemukan requirement ekuivalen dalam laporan.","Sistem harus memungkinkan Guru menghasilkan draf soal melalui provider AI yang dikonfigurasi.","IMPLEMENTATION_ONLY","Fitur aktif ditemukan pada source final, tetapi requirement bisnis ekuivalen tidak ditemukan dalam laporan.","Tidak ditemukan","AiQuestionGeneratorService; tests","Konfirmasi apakah fitur diterima sebagai iterative addition dalam scope final."
"REC-074","DOC-REQ-015","REQ-LMS-009","Pembelajaran Daring","Guru, Siswa","SIS","Guru mengelola ujian PTS/PAS berakses terbatas dan Siswa yang berhak mengerjakannya.","Sistem harus memungkinkan Siswa memulai, menyimpan dan submit ujian yang eligible.","EXPANDED","Implementasi final mempertahankan tujuan terdokumentasi dengan cakupan, kontrol, output, atau aktor tambahan.","DOC-REQ-015 (hlm. 12; 15; 19)","LmsUjianController; security tests","Validasi cakupan tambahan dengan stakeholder lalu tetapkan baseline final."
"REC-075","—","REQ-LMS-010","Pembelajaran Daring","—","GRU, SIS","Tidak ditemukan requirement ekuivalen dalam laporan.","Sistem harus mencatat dan menampilkan data pengawasan ujian sesuai akses.","IMPLEMENTATION_ONLY","Fitur aktif ditemukan pada source final, tetapi requirement bisnis ekuivalen tidak ditemukan dalam laporan.","Tidak ditemukan","migration pengawasan; controllers","Konfirmasi apakah fitur diterima sebagai iterative addition dalam scope final."
"REC-076","DOC-REQ-014","REQ-LMS-011","Pembelajaran Daring","Guru, Siswa","GRU","Latihan harus mendukung pilihan ganda kompleks dan benar/salah dengan koreksi otomatis.","Sistem harus memungkinkan Guru mengelola latihan pada assignment-nya.","MATCH","Substansi requirement laporan/desain dan perilaku final sejalan.","DOC-REQ-014 (hlm. 12; 19)","GuruUjianController routes latihan","Pertahankan sebagai kandidat baseline final."
"REC-077","DOC-REQ-014","REQ-LMS-012","Pembelajaran Daring","Guru, Siswa","SIS","Latihan harus mendukung pilihan ganda kompleks dan benar/salah dengan koreksi otomatis.","Sistem harus memungkinkan Siswa mengerjakan/retake latihan sesuai aturan.","EXPANDED","Implementasi final mempertahankan tujuan terdokumentasi dengan cakupan, kontrol, output, atau aktor tambahan.","DOC-REQ-014 (hlm. 12; 19)","LmsUjianController","Validasi cakupan tambahan dengan stakeholder lalu tetapkan baseline final."
"REC-078","DOC-REQ-012","REQ-LMS-013","Pembelajaran Daring","Guru, Siswa","GRU, SIS","Sistem harus menyediakan forum diskusi materi untuk tanya jawab Guru dan Siswa.","Sistem harus menyediakan forum diskusi ter-scope kelas-mapel.","MATCH","Substansi requirement laporan/desain dan perilaku final sejalan.","DOC-REQ-012 (hlm. 10; 12; 14; 20)","Forum controllers; forum tests","Pertahankan sebagai kandidat baseline final."
"REC-079","DOC-REQ-043","REQ-LMS-014","Pembelajaran Daring","Guru, Siswa","GRU, SIS","Sistem harus menyediakan kelas virtual per kelas dan mata pelajaran.","Sistem harus menyediakan meeting virtual per kelas-mapel.","MATCH","Substansi requirement laporan/desain dan perilaku final sejalan.","DOC-REQ-043 (hlm. 73; 90; 114; 130; 155)","Meeting controllers/model","Pertahankan sebagai kandidat baseline final."
"REC-080","—","REQ-LMS-015","Pembelajaran Daring","—","GRU","Tidak ditemukan requirement ekuivalen dalam laporan.","Sistem harus memungkinkan Guru menyalin konten historis milik/pernah diampu ke assignment aktif.","IMPLEMENTATION_ONLY","Fitur aktif ditemukan pada source final, tetapi requirement bisnis ekuivalen tidak ditemukan dalam laporan.","Tidak ditemukan","GuruLmsArsipService/tests","Konfirmasi apakah fitur diterima sebagai iterative addition dalam scope final."
"REC-081","DOC-REQ-037","REQ-PRM-001","Kenaikan Kelas","Admin, Waka, Wali Kelas, Bendahara, Ketua","ADM, WKA","Sistem harus mendukung pengaturan, prediksi, dispensasi, keputusan, penjadwalan, eksekusi, dan rollback kenaikan kelas.","Sistem harus memungkinkan pengelola menentukan KKM.","EXPANDED","Implementasi final mempertahankan tujuan terdokumentasi dengan cakupan, kontrol, output, atau aktor tambahan.","DOC-REQ-037 (hlm. 62–63; 81; 85; 103–104; 122; 125; 153–155)","PromotionKKMController","Validasi cakupan tambahan dengan stakeholder lalu tetapkan baseline final."
"REC-082","DOC-REQ-037","REQ-PRM-002","Kenaikan Kelas","Admin, Waka, Wali Kelas, Bendahara, Ketua","ADM, WKA","Sistem harus mendukung pengaturan, prediksi, dispensasi, keputusan, penjadwalan, eksekusi, dan rollback kenaikan kelas.","Sistem harus memungkinkan pengelola menentukan kriteria/tujuan kenaikan.","EXPANDED","Implementasi final mempertahankan tujuan terdokumentasi dengan cakupan, kontrol, output, atau aktor tambahan.","DOC-REQ-037 (hlm. 62–63; 81; 85; 103–104; 122; 125; 153–155)","PromotionSettingsController","Validasi cakupan tambahan dengan stakeholder lalu tetapkan baseline final."
"REC-083","DOC-REQ-045","REQ-PRM-003","Kenaikan Kelas","Wali Kelas","WKL","Wali Kelas harus dapat melihat prediksi kenaikan kelas siswa perwaliannya.","Sistem harus menampilkan prediksi kelayakan siswa kelas wali.","MATCH","Substansi requirement laporan/desain dan perilaku final sejalan.","DOC-REQ-045 (hlm. 81; 122)","Wali PromotionController; PromotionService","Pertahankan sebagai kandidat baseline final."
"REC-084","DOC-REQ-048","REQ-PRM-004","Kenaikan Kelas","Ketua, Bendahara, Wali Kelas","ADM, BEN","Sistem harus mendukung dispensasi kenaikan kelas bagi siswa yang belum memenuhi syarat.","Sistem harus memungkinkan validasi/override aspek finansial kenaikan.","EXPANDED","Implementasi final mempertahankan tujuan terdokumentasi dengan cakupan, kontrol, output, atau aktor tambahan.","DOC-REQ-048 (hlm. 85; 125; 154–155)","PromotionValidation controllers/tests","Validasi cakupan tambahan dengan stakeholder lalu tetapkan baseline final."
"REC-085","DOC-REQ-048","REQ-PRM-005","Kenaikan Kelas","Ketua, Bendahara, Wali Kelas","KET","Sistem harus mendukung dispensasi kenaikan kelas bagi siswa yang belum memenuhi syarat.","Sistem harus memungkinkan Ketua memberi keputusan kenaikan satuan atau bulk.","MATCH","Substansi requirement laporan/desain dan perilaku final sejalan.","DOC-REQ-048 (hlm. 85; 125; 154–155)","PromotionApprovalController","Pertahankan sebagai kandidat baseline final."
"REC-086","DOC-REQ-037","REQ-PRM-006","Kenaikan Kelas","Admin, Waka, Wali Kelas, Bendahara, Ketua","ADM, WKA","Sistem harus mendukung pengaturan, prediksi, dispensasi, keputusan, penjadwalan, eksekusi, dan rollback kenaikan kelas.","Sistem harus memungkinkan eksekusi dan rollback kenaikan kelas secara terkontrol.","EXPANDED","Implementasi final mempertahankan tujuan terdokumentasi dengan cakupan, kontrol, output, atau aktor tambahan.","DOC-REQ-037 (hlm. 62–63; 81; 85; 103–104; 122; 125; 153–155)","PromotionReportController; PromotionService","Validasi cakupan tambahan dengan stakeholder lalu tetapkan baseline final."
"REC-087","DOC-REQ-037","REQ-PRM-007","Kenaikan Kelas","Admin, Waka, Wali Kelas, Bendahara, Ketua","ADM, WKA, Sistem","Sistem harus mendukung pengaturan, prediksi, dispensasi, keputusan, penjadwalan, eksekusi, dan rollback kenaikan kelas.","Sistem harus memungkinkan penjadwalan dan eksekusi kenaikan tanpa overlap.","MATCH","Substansi requirement laporan/desain dan perilaku final sejalan.","DOC-REQ-037 (hlm. 62–63; 81; 85; 103–104; 122; 125; 153–155)","PromotionSchedule; console command/routes","Pertahankan sebagai kandidat baseline final."
"REC-088","DOC-REQ-009, DOC-REQ-038","REQ-MON-001","Monitoring & Catatan","Admin, Ketua, Waka; Admin, Wali Kelas","ADM, KET, WKA","Admin memonitor pengguna aktif/history akses; Wali Kelas memonitor siswa aktif dalam kelasnya. / Sistem harus menyediakan monitoring pengguna dan konten LMS sesuai lingkup aktor.","Sistem harus menyediakan monitoring pengguna, siswa, guru dan wali kelas sesuai scope.","EXPANDED","Implementasi final mempertahankan tujuan terdokumentasi dengan cakupan, kontrol, output, atau aktor tambahan.","DOC-REQ-009 (hlm. 11–12; 16; 18); DOC-REQ-038 (hlm. 64; 80; 105; 121)","Monitoring/Ketua/Waka controllers","Validasi cakupan tambahan dengan stakeholder lalu tetapkan baseline final."
"REC-089","DOC-REQ-038","REQ-MON-002","Monitoring & Catatan","Admin, Ketua, Waka","ADM, KET, WKA","Sistem harus menyediakan monitoring pengguna dan konten LMS sesuai lingkup aktor.","Sistem harus menyediakan monitoring dan preview konten LMS.","EXPANDED","Implementasi final mempertahankan tujuan terdokumentasi dengan cakupan, kontrol, output, atau aktor tambahan.","DOC-REQ-038 (hlm. 64; 80; 105; 121)","LmsMonitoringService","Validasi cakupan tambahan dengan stakeholder lalu tetapkan baseline final."
"REC-090","DOC-REQ-044","REQ-MON-003","Monitoring & Catatan","Admin, Ketua, Waka, Guru","ADM, KET, WKA","Pimpinan harus dapat mengirim catatan monitoring dan Guru membacanya.","Sistem harus memungkinkan pimpinan mengirim dan mengelola catatan/teguran.","MATCH","Substansi requirement laporan/desain dan perilaku final sejalan.","DOC-REQ-044 (hlm. 80; 83; 121; 123; 173)","controllers Catatan; NotificationService","Pertahankan sebagai kandidat baseline final."
"REC-091","DOC-REQ-044","REQ-MON-004","Monitoring & Catatan","Admin, Ketua, Waka, Guru","GRU","Pimpinan harus dapat mengirim catatan monitoring dan Guru membacanya.","Sistem harus memungkinkan Guru melihat catatan monitoring untuk dirinya.","MATCH","Substansi requirement laporan/desain dan perilaku final sejalan.","DOC-REQ-044 (hlm. 80; 83; 121; 123; 173)","GuruCatatanMonitoringController","Pertahankan sebagai kandidat baseline final."
"REC-092","DOC-REQ-029, DOC-REQ-053","REQ-NOT-001","Notifikasi","Guru, Siswa, Sistem; Semua login","Semua login","Sistem harus mengirim notifikasi tugas/latihan/ulangan baru, pengumpulan jawaban, dan tenggat. / Sistem harus menyimpan notifikasi per pengguna dan status waktu bacanya.","Sistem harus menampilkan pusat notifikasi milik pengguna.","EXPANDED","Implementasi final mempertahankan tujuan terdokumentasi dengan cakupan, kontrol, output, atau aktor tambahan.","DOC-REQ-029 (hlm. 10; 15; 21); DOC-REQ-053 (hlm. 171–172)","NotificationController/model","Validasi cakupan tambahan dengan stakeholder lalu tetapkan baseline final."
"REC-093","DOC-REQ-053","REQ-NOT-002","Notifikasi","Semua login","Semua login","Sistem harus menyimpan notifikasi per pengguna dan status waktu bacanya.","Sistem harus memungkinkan pengguna mengubah status baca atau menghapus notifikasinya.","IMPLEMENTATION_ONLY","Fitur aktif ditemukan pada source final, tetapi requirement bisnis ekuivalen tidak ditemukan dalam laporan.","DOC-REQ-053 (hlm. 171–172)","NotificationController","Konfirmasi apakah fitur diterima sebagai iterative addition dalam scope final."
"REC-094","DOC-REQ-029","REQ-NOT-003","Notifikasi","Guru, Siswa, Sistem","Sistem","Sistem harus mengirim notifikasi tugas/latihan/ulangan baru, pengumpulan jawaban, dan tenggat.","Sistem harus menghasilkan reminder deadline dan kalender terjadwal tanpa duplikasi yang dilarang.","EXPANDED","Implementasi final mempertahankan tujuan terdokumentasi dengan cakupan, kontrol, output, atau aktor tambahan.","DOC-REQ-029 (hlm. 10; 15; 21)","routes console; NotificationScheduler/Service","Validasi cakupan tambahan dengan stakeholder lalu tetapkan baseline final."
"REC-095","DOC-REQ-001, DOC-REQ-027, DOC-REQ-032","REQ-SWA-001","Portal Siswa","Semua; Siswa","SIS","Sistem harus berupa aplikasi web terpusat yang mengintegrasikan LMS dan SIA untuk operasional SMP dan SMA. / Siswa harus dapat melihat profil akademik pribadinya secara read-only. / Siswa harus dapat melihat progres belajar, rekap absensi, dan nilai harian miliknya.","Sistem harus menyediakan dashboard SIA dan LMS berdasarkan profil/status siswa.","MATCH","Substansi requirement laporan/desain dan perilaku final sejalan.","DOC-REQ-001 (hlm. 9–10); DOC-REQ-027 (hlm. 10; 13; 19; 21); DOC-REQ-032 (hlm. 13; 16; 20)","SiswaDashboard/LmsDashboard controllers; middleware","Pertahankan sebagai kandidat baseline final."
"REC-096","DOC-REQ-027, DOC-REQ-032","REQ-SWA-002","Portal Siswa","Siswa","SIS","Siswa harus dapat melihat profil akademik pribadinya secara read-only. / Siswa harus dapat melihat progres belajar, rekap absensi, dan nilai harian miliknya.","Sistem harus menampilkan informasi akademik hanya milik siswa login.","MATCH","Substansi requirement laporan/desain dan perilaku final sejalan.","DOC-REQ-027 (hlm. 10; 13; 19; 21); DOC-REQ-032 (hlm. 13; 16; 20)","Siswa controllers; LMS middleware","Pertahankan sebagai kandidat baseline final."
"REC-097","—","REQ-SWA-003","Portal Siswa","—","SIS alumni","Tidak ditemukan requirement ekuivalen dalam laporan.","Sistem harus membatasi alumni pada akses riwayat akademik read-only.","IMPLEMENTATION_ONLY","Fitur aktif ditemukan pada source final, tetapi requirement bisnis ekuivalen tidak ditemukan dalam laporan.","Tidak ditemukan","`CheckStudentActive.php`","Konfirmasi apakah fitur diterima sebagai iterative addition dalam scope final."
"REC-098","DOC-REQ-049","REQ-WLS-001","Portal Orang Tua","Orang Tua/Wali Siswa","ORT","Sistem harus menautkan akun Orang Tua ke satu/lebih Siswa dengan atribut tanggung jawab keuangan dan akses akademik.","Sistem harus menampilkan dashboard anak yang tertaut ke Orang Tua login.","EXPANDED","Implementasi final mempertahankan tujuan terdokumentasi dengan cakupan, kontrol, output, atau aktor tambahan.","DOC-REQ-049 (hlm. 139)","`OrangTuaController@dashboard`; User model","Validasi cakupan tambahan dengan stakeholder lalu tetapkan baseline final."
"REC-099","DOC-REQ-030, DOC-REQ-050","REQ-WLS-002","Portal Orang Tua","Orang Tua/Wali Siswa; Siswa","ORT","Orang Tua/Wali Siswa dapat melakukan pembayaran anak melalui manual/Midtrans dan tercatat sebagai pembayar. / Siswa harus dapat melihat tagihan, mengunggah bukti, dan melihat status/riwayat pembayaran.","Sistem harus menampilkan tagihan, pembayaran dan invoice hanya untuk anak tertaut.","CHANGED","Aktor, workflow, atau output final berbeda material dari requirement pada laporan utama.","DOC-REQ-030 (hlm. 13; 16; 19–20); DOC-REQ-050 (hlm. 86; 126; 165–166)","parent tagihan/invoice methods","Minta keputusan manusia atas actor/workflow final sebelum persetujuan formal."
"REC-100","DOC-REQ-049, DOC-REQ-051","REQ-WLS-003","Portal Orang Tua","Orang Tua/Wali Siswa","ORT","Orang Tua/Wali Siswa dapat mengajukan izin/dispensasi untuk anak. / Sistem harus menautkan akun Orang Tua ke satu/lebih Siswa dengan atribut tanggung jawab keuangan dan akses akademik.","Sistem harus menampilkan rapor dan presensi hanya untuk anak tertaut.","CHANGED","Aktor, workflow, atau output final berbeda material dari requirement pada laporan utama.","DOC-REQ-049 (hlm. 139); DOC-REQ-051 (hlm. 87; 127)","parent academic/presensi methods","Minta keputusan manusia atas actor/workflow final sebelum persetujuan formal."
"REC-101","DOC-REQ-046","REQ-WLS-004","Portal Orang Tua","Orang Tua, Wali Kelas","ORT","Orang Tua meminta unduh rapor dan Wali Kelas memutuskan permintaan tersebut.","Sistem harus memungkinkan Orang Tua meminta dan menggunakan akses download rapor anak.","CHANGED","Aktor, workflow, atau output final berbeda material dari requirement pada laporan utama.","DOC-REQ-046 (hlm. 82; 88; 123; 128)","parent request/download methods; RequestDownload model","Minta keputusan manusia atas actor/workflow final sebelum persetujuan formal."
"REC-102","DOC-REQ-019","—","Presensi & Izin","Sistem, Siswa","—","Sistem harus mencatat kehadiran otomatis berdasarkan aktivitas/akses LMS Siswa.","Method `SiaPresensiController::presensiOtomatis()` masih ada, tetapi tidak ditemukan route/call aktif yang menjalankannya.","LEGACY_OR_OBSOLETE","Requirement presensi otomatis terdokumentasi dan mempunyai sisa source, tetapi bukan surface aktif final.","DOC-REQ-019 (hlm. 10; 15; 20)","`SiaPresensiController.php`; `routes/web.php`","Jangan masukkan ke baseline aktif kecuali stakeholder meminta aktivasi kembali."


